seed,val_top1,hit@1,hit@3,hit@5,hit@10,mrr,auroc_na,cat_templated,cat_paraphrased,cat_synonym,cat_abstract,cat_ambiguous_location,cat_ambiguous_device
42,0.7928,0.22950819672131148,0.2786885245901639,0.29508196721311475,0.3770491803278688,0.25926359614884203,0.5163934426229508,0.9166666666666666,0.0625,0.0,0.1,0.0,0.2
43,0.7943,0.22950819672131148,0.32786885245901637,0.3770491803278688,0.4262295081967213,0.28961748633879786,0.575136612021858,0.9166666666666666,0.125,0.0,0.0,0.0,0.2
44,0.7959,0.22950819672131148,0.2786885245901639,0.3114754098360656,0.36065573770491804,0.26750585480093675,0.6174863387978142,0.9166666666666666,0.0,0.0,0.0,0.16666666666666666,0.4
45,0.7951,0.22950819672131148,0.2459016393442623,0.26229508196721313,0.32786885245901637,0.24701405152224826,0.6734972677595629,0.9166666666666666,0.0,0.08333333333333333,0.1,0.16666666666666666,0.0
46,0.7961,0.22950819672131148,0.36065573770491804,0.47540983606557374,0.639344262295082,0.33088732760863904,0.4972677595628415,0.9166666666666666,0.0625,0.08333333333333333,0.0,0.0,0.2
